1.CINJa'Marr Chase,
Ja'Marr Chase,
WR - CINToSame Season Diff Team,
Same Season Diff Team,
Marcus,
2.ATLBijan Robinson,
Bijan Robinson,
RB - ATLToDicker Downs,
Dicker Downs,
Tony,
3.MINJustin Jefferson,
Justin Jefferson,
WR - MINToCommishin aint easy,
Commishin aint easy,
Rakeem,
4.DETJahmyr Gibbs,
Jahmyr Gibbs,
RB - DETToR Odunze Day,
R Odunze Day,
Calloway,
5.DETAmon-Ra St. Brown,
Amon-Ra St. Brown,
WR - DETToTig Ol Griddys,
Tig Ol Griddys,
DMario,
6.PHISaquon Barkley,
Saquon Barkley,
RB - PHIToWe Get Big Ol TDs,
We Get Big Ol TDs,
BJ,
7.SFChristian McCaffrey,
Christian McCaffrey,
RB - SFToSF 49ers Played Me,
SF 49ers Played Me,
William,
8.LVAshton Jeanty,
Ashton Jeanty,
RB - LVToBobz Cartel,
Bobz Cartel,
Robert,
9.DALCeeDee Lamb,
CeeDee Lamb,
WR - DALToCaleb and The Revolution,
Caleb and The Revolution,
Jaunell,
10.BALDerrick Henry,
Derrick Henry,
RB - BALToStafford Infection,
Stafford Infection,
Tyrone,
11.NYGMalik Nabers,
Malik Nabers,
WR - NYGToStew's Super Quokkas,
Stew's Super Quokkas,
Justin,
12.BALLamar Jackson,
Lamar Jackson,
QB - BALToAlabama Assault,
Alabama Assault,
Kevin,
13.BUFJosh Allen,
Josh Allen,
QB - BUFToAlabama Assault,
Alabama Assault,
Kevin,
14.HOUNico Collins,
Nico Collins,
WR - HOUToStew's Super Quokkas,
Stew's Super Quokkas,
Justin,
15.LARPuka Nacua,
Puka Nacua,
WR - LARToStafford Infection,
Stafford Infection,
Tyrone,
16.MIADe'Von Achane,
De'Von Achane,
RB - MIAToCaleb and The Revolution,
Caleb and The Revolution,
Jaunell,
17.TBBucky Irving,
Bucky Irving,
RB - TBToBobz Cartel,
Bobz Cartel,
Robert,
18.INDJonathan Taylor,
Jonathan Taylor,
RB - INDToSF 49ers Played Me,
SF 49ers Played Me,
William,
19.JAXBrian Thomas Jr.,
Brian Thomas Jr.,
WR - JAXToWe Get Big Ol TDs,
We Get Big Ol TDs,
BJ,
20.PHIA.J. Brown,
A.J. Brown,
WR - PHIToTig Ol Griddys,
Tig Ol Griddys,
DMario,
21.CINChase Brown,
Chase Brown,
RB - CINToR Odunze Day,
R Odunze Day,
Calloway,
22.ATLDrake London,
Drake London,
WR - ATLToCommishin aint easy,
Commishin aint easy,
Rakeem,
23.LACLadd McConkey,
Ladd McConkey,
WR - LACToDicker Downs,
Dicker Downs,
Tony,
24.LVBrock Bowers,
Brock Bowers,
TE - LVToSame Season Diff Team,
Same Season Diff Team,
Marcus,
25.LARKyren Williams,
Kyren Williams,
RB - LARToSame Season Diff Team,
Same Season Diff Team,
Marcus,
26.GBJosh Jacobs,
Josh Jacobs,
RB - GBToDicker Downs,
Dicker Downs,
Tony,
27.BUFJames Cook,
James Cook,
RB - BUFToCommishin aint easy,
Commishin aint easy,
Rakeem,
28.PHIJalen Hurts,
Jalen Hurts,
QB - PHIToR Odunze Day,
R Odunze Day,
Calloway,
29.WASJayden Daniels,
Jayden Daniels,
QB - WASToTig Ol Griddys,
Tig Ol Griddys,
DMario,
30.CINTee Higgins,
Tee Higgins,
WR - CINToWe Get Big Ol TDs,
We Get Big Ol TDs,
BJ,
31.ARITrey McBride,
Trey McBride,
TE - ARIToSF 49ers Played Me,
SF 49ers Played Me,
William,
32.CINJoe Burrow,
Joe Burrow,
QB - CINToBobz Cartel,
Bobz Cartel,
Robert,
33.MIATyreek Hill,
Tyreek Hill,
WR - MIAToCaleb and The Revolution,
Caleb and The Revolution,
Jaunell,
34.NYJBreece Hall,
Breece Hall,
RB - NYJToStafford Infection,
Stafford Infection,
Tyrone,
35.NOAlvin Kamara,
Alvin Kamara,
RB - NOToStew's Super Quokkas,
Stew's Super Quokkas,
Justin,
36.LACOmarion Hampton,
Omarion Hampton,
RB - LACToAlabama Assault,
Alabama Assault,
Kevin,
37.SEAKenneth Walker III,
Kenneth Walker III,
RB - SEAToAlabama Assault,
Alabama Assault,
Kevin,
38.ARIJames Conner,
James Conner,
RB - ARIToStew's Super Quokkas,
Stew's Super Quokkas,
Justin,
39.WASTerry McLaurin,
Terry McLaurin,
WR - WASToStafford Infection,
Stafford Infection,
Tyrone,
40.KCPatrick Mahomes,
Patrick Mahomes,
QB - KCToCaleb and The Revolution,
Caleb and The Revolution,
Jaunell,
41.PITDK Metcalf,
DK Metcalf,
WR - PITToBobz Cartel,
Bobz Cartel,
Robert,
42.LARDavante Adams,
Davante Adams,
WR - LARToSF 49ers Played Me,
SF 49ers Played Me,
William,
43.CHIDJ Moore,
DJ Moore,
WR - CHIToWe Get Big Ol TDs,
We Get Big Ol TDs,
BJ,
44.DETDavid Montgomery,
David Montgomery,
RB - DETToTig Ol Griddys,
Tig Ol Griddys,
DMario,
45.DETJameson Williams,
Jameson Williams,
WR - DETToR Odunze Day,
R Odunze Day,
Calloway,
46.NETreVeyon Henderson,
TreVeyon Henderson,
RB - NEToCommishin aint easy,
Commishin aint easy,
Rakeem,
47.TBMike Evans,
Mike Evans,
WR - TBToDicker Downs,
Dicker Downs,
Tony,
48.SEAJaxon Smith-Njigba,
Jaxon Smith-Njigba,
WR - SEAToSame Season Diff Team,
Same Season Diff Team,
Marcus,
49.CHID'Andre Swift,
D'Andre Swift,
RB - CHIToSame Season Diff Team,
Same Season Diff Team,
Marcus,
50.PHIDeVonta Smith,
DeVonta Smith,
WR - PHIToDicker Downs,
Dicker Downs,
Tony,
51.ARIMarvin Harrison Jr.,
Marvin Harrison Jr.,
WR - ARIToCommishin aint easy,
Commishin aint easy,
Rakeem,
52.SFGeorge Kittle,
George Kittle,
TE - SFToR Odunze Day,
R Odunze Day,
Calloway,
53.TENTony Pollard,
Tony Pollard,
RB - TENToTig Ol Griddys,
Tig Ol Griddys,
DMario,
54.KCIsiah Pacheco,
Isiah Pacheco,
RB - KCToWe Get Big Ol TDs,
We Get Big Ol TDs,
BJ,
55.CARChuba Hubbard,
Chuba Hubbard,
RB - CARToSF 49ers Played Me,
SF 49ers Played Me,
William,
56.NYJGarrett Wilson,
Garrett Wilson,
WR - NYJToBobz Cartel,
Bobz Cartel,
Robert,
57.DENRJ Harvey,
RJ Harvey,
RB - DENToCaleb and The Revolution,
Caleb and The Revolution,
Jaunell,
58.TENCalvin Ridley,
Calvin Ridley,
WR - TENToStafford Infection,
Stafford Infection,
Tyrone,
59.CARTetairoa McMillan,
Tetairoa McMillan,
WR - CARToStew's Super Quokkas,
Stew's Super Quokkas,
Justin,
60.BALZay Flowers,
Zay Flowers,
WR - BALToAlabama Assault,
Alabama Assault,
Kevin,
61.DETSam LaPorta,
Sam LaPorta,
TE - DETToAlabama Assault,
Alabama Assault,
Kevin,
62.DALGeorge Pickens,
George Pickens,
WR - DALToStew's Super Quokkas,
Stew's Super Quokkas,
Justin,
63.MINAaron Jones,
Aaron Jones,
RB - MINToStafford Infection,
Stafford Infection,
Tyrone,
64.DENCourtland Sutton,
Courtland Sutton,
WR - DENToCaleb and The Revolution,
Caleb and The Revolution,
Jaunell,
65.NOChris Olave,
Chris Olave,
WR - NOToBobz Cartel,
Bobz Cartel,
Robert,
66.TBEmeka Egbuka,
Emeka Egbuka,
WR - TBToSF 49ers Played Me,
SF 49ers Played Me,
William,
67.MINT.J. Hockenson,
T.J. Hockenson,
TE - MINToWe Get Big Ol TDs,
We Get Big Ol TDs,
BJ,
68.BALMark Andrews,
Mark Andrews,
TE - BALToTig Ol Griddys,
Tig Ol Griddys,
DMario,
69.KCXavier Worthy,
Xavier Worthy,
WR - KCToR Odunze Day,
R Odunze Day,
Calloway,
70.DENBo Nix,
Bo Nix,
QB - DENToCommishin aint easy,
Commishin aint easy,
Rakeem,
71.JAXTravis Hunter,
Travis Hunter,
WR - JAXToDicker Downs,
Dicker Downs,
Tony,
72.TBBaker Mayfield,
Baker Mayfield,
QB - TBToSame Season Diff Team,
Same Season Diff Team,
Marcus,
73.MIAJaylen Waddle,
Jaylen Waddle,
WR - MIAToSame Season Diff Team,
Same Season Diff Team,
Marcus,
74.NYGTyrone Tracy Jr.,
Tyrone Tracy Jr.,
RB - NYGToDicker Downs,
Dicker Downs,
Tony,
75.KCRashee Rice,
Rashee Rice,
WR - KCToCommishin aint easy,
Commishin aint easy,
Rakeem,
76.CHIRome Odunze,
Rome Odunze,
WR - CHIToR Odunze Day,
R Odunze Day,
Calloway,
77.NEStefon Diggs,
Stefon Diggs,
WR - NEView NewsToTig Ol Griddys,
Tig Ol Griddys,
DMario,
78.ARIKyler Murray,
Kyler Murray,
QB - ARIToWe Get Big Ol TDs,
We Get Big Ol TDs,
BJ,
79.CLEJerry Jeudy,
Jerry Jeudy,
WR - CLEToSF 49ers Played Me,
SF 49ers Played Me,
William,
80.WASDeebo Samuel Sr.,
Deebo Samuel Sr.,
WR - WASToBobz Cartel,
Bobz Cartel,
Robert,
81.DENJ.K. Dobbins,
J.K. Dobbins,
RB - DENToCaleb and The Revolution,
Caleb and The Revolution,
Jaunell,
82.SFRicky Pearsall,
Ricky Pearsall,
WR - SFToStafford Infection,
Stafford Infection,
Tyrone,
83.PITKaleb Johnson,
Kaleb Johnson,
RB - PITToStew's Super Quokkas,
Stew's Super Quokkas,
Justin,
84.MINJordan Addison,
Jordan Addison,
WR - MINToAlabama Assault,
Alabama Assault,
Kevin,
85.BUFKhalil Shakir,
Khalil Shakir,
WR - BUFToAlabama Assault,
Alabama Assault,
Kevin,
86.WASAustin Ekeler,
Austin Ekeler,
RB - WASToStew's Super Quokkas,
Stew's Super Quokkas,
Justin,
87.INDTyler Warren,
Tyler Warren,
TE - INDToStafford Infection,
Stafford Infection,
Tyrone,
88.GBMatthew Golden,
Matthew Golden,
WR - GBToCaleb and The Revolution,
Caleb and The Revolution,
Jaunell,
89.KCTravis Kelce,
Travis Kelce,
TE - KCToBobz Cartel,
Bobz Cartel,
Robert,
90.SFBrock Purdy,
Brock Purdy,
QB - SFToSF 49ers Played Me,
SF 49ers Played Me,
William,
91.PITChris Boswell,
Chris Boswell,
K - PITToWe Get Big Ol TDs,
We Get Big Ol TDs,
BJ,
92.NYGCam Skattebo,
Cam Skattebo,
RB - NYGToTig Ol Griddys,
Tig Ol Griddys,
DMario,
93.LVJakobi Meyers,
Jakobi Meyers,
WR - LVToR Odunze Day,
R Odunze Day,
Calloway,
94.DENEvan Engram,
Evan Engram,
TE - DENToCommishin aint easy,
Commishin aint easy,
Rakeem,
95.CLEDavid Njoku,
David Njoku,
TE - CLEToDicker Downs,
Dicker Downs,
Tony,
96.PITJaylen Warren,
Jaylen Warren,
RB - PITToSame Season Diff Team,
Same Season Diff Team,
Marcus,
97.CLEQuinshon Judkins,
Quinshon Judkins,
RB - CLEToSame Season Diff Team,
Same Season Diff Team,
Marcus,
98.INDJosh Downs,
Josh Downs,
WR - INDToDicker Downs,
Dicker Downs,
Tony,
99.MINJordan Mason,
Jordan Mason,
RB - MINToCommishin aint easy,
Commishin aint easy,
Rakeem,
100.WASJacory Croskey-Merritt,
Jacory Croskey-Merritt,
RB - WASToR Odunze Day,
R Odunze Day,
Calloway,
101.DETJared Goff,
Jared Goff,
QB - DETToTig Ol Griddys,
Tig Ol Griddys,
DMario,
102.JAXTravis Etienne,
Travis Etienne,
RB - JAXToWe Get Big Ol TDs,
We Get Big Ol TDs,
BJ,
103.SEACooper Kupp,
Cooper Kupp,
WR - SEAToSF 49ers Played Me,
SF 49ers Played Me,
William,
104.NERhamondre Stevenson,
Rhamondre Stevenson,
RB - NEToBobz Cartel,
Bobz Cartel,
Robert,
105.GBTucker Kraft,
Tucker Kraft,
TE - GBToCaleb and The Revolution,
Caleb and The Revolution,
Jaunell,
106.LACNajee Harris,
Najee Harris,
RB - LACView NewsToStafford Infection,
Stafford Infection,
Tyrone,
107.DALDak Prescott,
Dak Prescott,
QB - DALToStew's Super Quokkas,
Stew's Super Quokkas,
Justin,
108.TBChris Godwin Jr.,
Chris Godwin Jr.,
WR - TBToAlabama Assault,
Alabama Assault,
Kevin,
109.BUFDalton Kincaid,
Dalton Kincaid,
TE - BUFView NewsToAlabama Assault,
Alabama Assault,
Kevin,
110.DALJake Ferguson,
Jake Ferguson,
TE - DALToStew's Super Quokkas,
Stew's Super Quokkas,
Justin,
111.SFBrian Robinson,
Brian Robinson,
RB - SFToStafford Infection,
Stafford Infection,
Tyrone,
112.SEAZach Charbonnet,
Zach Charbonnet,
RB - SEAToCaleb and The Revolution,
Caleb and The Revolution,
Jaunell,
113.CHICaleb Williams,
Caleb Williams,
QB - CHIToBobz Cartel,
Bobz Cartel,
Robert,
114.CHIColston Loveland,
Colston Loveland,
TE - CHIToSF 49ers Played Me,
SF 49ers Played Me,
William,
115.PITJonnu Smith,
Jonnu Smith,
TE - PITToWe Get Big Ol TDs,
We Get Big Ol TDs,
BJ,
116.ATLKyle Pitts,
Kyle Pitts,
TE - ATLToTig Ol Griddys,
Tig Ol Griddys,
DMario,
117.BUFKeon Coleman,
Keon Coleman,
WR - BUFToR Odunze Day,
R Odunze Day,
Calloway,
118.SFJauan Jennings,
Jauan Jennings,
WR - SFToCommishin aint easy,
Commishin aint easy,
Rakeem,
119.DALJaydon Blue,
Jaydon Blue,
RB - DALToDicker Downs,
Dicker Downs,
Tony,
120.INDMichael Pittman,
Michael Pittman,
WR - INDToSame Season Diff Team,
Same Season Diff Team,
Marcus,
121.DENDenver Broncos,
Denver Broncos,
DEFToSame Season Diff Team,
Same Season Diff Team,
Marcus,
122.DENMarvin Mims Jr.,
Marvin Mims Jr.,
WR - DENToDicker Downs,
Dicker Downs,
Tony,
123.MINJ.J. McCarthy,
J.J. McCarthy,
QB - MINToCommishin aint easy,
Commishin aint easy,
Rakeem,
124.NYJBraelon Allen,
Braelon Allen,
RB - NYJToR Odunze Day,
R Odunze Day,
Calloway,
125.TBRachaad White,
Rachaad White,
RB - TBToTig Ol Griddys,
Tig Ol Griddys,
DMario,
126.KCMarquise Brown,
Marquise Brown,
WR - KCView NewsToWe Get Big Ol TDs,
We Get Big Ol TDs,
BJ,
127.ARITrey Benson,
Trey Benson,
RB - ARIToSF 49ers Played Me,
SF 49ers Played Me,
William,
128.DALJavonte Williams,
Javonte Williams,
RB - DALToBobz Cartel,
Bobz Cartel,
Robert,
129.DALBrandon Aubrey,
Brandon Aubrey,
K - DALToCaleb and The Revolution,
Caleb and The Revolution,
Jaunell,
130.GBJayden Reed,
Jayden Reed,
WR - GBToStafford Infection,
Stafford Infection,
Tyrone,
131.LACKeenan Allen,
Keenan Allen,
WR - LACToStew's Super Quokkas,
Stew's Super Quokkas,
Justin,
132.HOUJoe Mixon,
Joe Mixon,
RB - HOUToAlabama Assault,
Alabama Assault,
Kevin,
133.SFBrandon Aiyuk,
Brandon Aiyuk,
WR - SFToAlabama Assault,
Alabama Assault,
Kevin,
134.CLEJerome Ford,
Jerome Ford,
RB - CLEToStew's Super Quokkas,
Stew's Super Quokkas,
Justin,
135.BALIsaiah Likely,
Isaiah Likely,
TE - BALView NewsToStafford Infection,
Stafford Infection,
Tyrone,
136.NORashid Shaheed,
Rashid Shaheed,
WR - NOToCaleb and The Revolution,
Caleb and The Revolution,
Jaunell,
137.PHIPhiladelphia Eagles,
Philadelphia Eagles,
DEFToBobz Cartel,
Bobz Cartel,
Robert,
138.LACJustin Herbert,
Justin Herbert,
QB - LACToSF 49ers Played Me,
SF 49ers Played Me,
William,
139.MINMinnesota Vikings,
Minnesota Vikings,
DEFToWe Get Big Ol TDs,
We Get Big Ol TDs,
BJ,
140.LACCameron Dicker,
Cameron Dicker,
K - LACToTig Ol Griddys,
Tig Ol Griddys,
DMario,
141.JAXBhayshul Tuten,
Bhayshul Tuten,
RB - JAXToR Odunze Day,
R Odunze Day,
Calloway,
142.TENChig Okonkwo,
Chig Okonkwo,
TE - TENToCommishin aint easy,
Commishin aint easy,
Rakeem,
143.HOUC.J. Stroud,
C.J. Stroud,
QB - HOUToDicker Downs,
Dicker Downs,
Tony,
144.ATLTyler Allgeier,
Tyler Allgeier,
RB - ATLToSame Season Diff Team,
Same Season Diff Team,
Marcus,
145.PHIDallas Goedert,
Dallas Goedert,
TE - PHIToSame Season Diff Team,
Same Season Diff Team,
Marcus,
146.MIADarren Waller,
Darren Waller,
TE - MIAToDicker Downs,
Dicker Downs,
Tony,
147.MIAOllie Gordon II,
Ollie Gordon II,
RB - MIAToCommishin aint easy,
Commishin aint easy,
Rakeem,
148.HOUChristian Kirk,
Christian Kirk,
WR - HOUToR Odunze Day,
R Odunze Day,
Calloway,
149.BALRashod Bateman,
Rashod Bateman,
WR - BALToTig Ol Griddys,
Tig Ol Griddys,
DMario,
150.TENCam Ward,
Cam Ward,
QB - TENToWe Get Big Ol TDs,
We Get Big Ol TDs,
BJ,
151.ATLDarnell Mooney,
Darnell Mooney,
WR - ATLToSF 49ers Played Me,
SF 49ers Played Me,
William,
152.CHILuther Burden III,
Luther Burden III,
WR - CHIToBobz Cartel,
Bobz Cartel,
Robert,
153.NEDrake Maye,
Drake Maye,
QB - NEToCaleb and The Revolution,
Caleb and The Revolution,
Jaunell,
154.ATLMichael Penix Jr.,
Michael Penix Jr.,
QB - ATLToStafford Infection,
Stafford Infection,
Tyrone,
155.HOUJayden Higgins,
Jayden Higgins,
WR - HOUToStew's Super Quokkas,
Stew's Super Quokkas,
Justin,
156.NYJJustin Fields,
Justin Fields,
QB - NYJToAlabama Assault,
Alabama Assault,
Kevin,
157.BALTyler Loop,
Tyler Loop,
K - BALToAlabama Assault,
Alabama Assault,
Kevin,
158.SFSan Francisco 49ers,
San Francisco 49ers,
DEFToStew's Super Quokkas,
Stew's Super Quokkas,
Justin,
159.CHIChicago Bears,
Chicago Bears,
DEFToStafford Infection,
Stafford Infection,
Tyrone,
160.HOUHouston Texans,
Houston Texans,
DEFToCaleb and The Revolution,
Caleb and The Revolution,
Jaunell,
161.DETJake Bates,
Jake Bates,
K - DETToBobz Cartel,
Bobz Cartel,
Robert,
162.KCKansas City Chiefs,
Kansas City Chiefs,
DEFToSF 49ers Played Me,
SF 49ers Played Me,
William,
163.TBJalen McMillan,
Jalen McMillan,
WR - TBToWe Get Big Ol TDs,
We Get Big Ol TDs,
BJ,
164.BUFBuffalo Bills,
Buffalo Bills,
DEFToTig Ol Griddys,
Tig Ol Griddys,
DMario,
165.DETDetroit Lions,
Detroit Lions,
DEFToR Odunze Day,
R Odunze Day,
Calloway,
166.HOUKa'imi Fairbairn,
Ka'imi Fairbairn,
K - HOUToCommishin aint easy,
Commishin aint easy,
Rakeem,
167.PHIJake Elliott,
Jake Elliott,
K - PHIToDicker Downs,
Dicker Downs,
Tony,
168.LACTre Harris,
Tre Harris,
WR - LACView NewsToSame Season Diff Team,
Same Season Diff Team,
Marcus,
169.TBChase McLaughlin,
Chase McLaughlin,
K - TBToSame Season Diff Team,
Same Season Diff Team,
Marcus,
170.ARIArizona Cardinals,
Arizona Cardinals,
DEFToDicker Downs,
Dicker Downs,
Tony,
171.PITPittsburgh Steelers,
Pittsburgh Steelers,
DEFToCommishin aint easy,
Commishin aint easy,
Rakeem,
172.KCHarrison Butker,
Harrison Butker,
K - KCToR Odunze Day,
R Odunze Day,
Calloway,
173.MINAdam Thielen,
Adam Thielen,
WR - MINToTig Ol Griddys,
Tig Ol Griddys,
DMario,
174.GBRomeo Doubs,
Romeo Doubs,
WR - GBToWe Get Big Ol TDs,
We Get Big Ol TDs,
BJ,
175.DENWil Lutz,
Wil Lutz,
K - DENToSF 49ers Played Me,
SF 49ers Played Me,
William,
176.CLECedric Tillman,
Cedric Tillman,
WR - CLEToBobz Cartel,
Bobz Cartel,
Robert,
177.CARXavier Legette,
Xavier Legette,
WR - CARToCaleb and The Revolution,
Caleb and The Revolution,
Jaunell,
178.BUFTyler Bass,
Tyler Bass,
K - BUFToStafford Infection,
Stafford Infection,
Tyrone,
179.WASMatt Gay,
Matt Gay,
K - WASToStew's Super Quokkas,
Stew's Super Quokkas,
Justin,
180.DALDallas Cowboys,
Dallas Cowboys,
DEFToAlabama Assault,
Alabama Assault,
Kevin,